{
    "prms": [
        5.0,
        5.5,
        6.0,
        6.5,
        7.0,
        7.5,
        8.0,
        8.5,
        9.0,
        9.5,
        10.0,
        10.5,
        11.0,
        11.5,
        12.0,
        12.5,
        13.0,
        13.5,
        14.0,
        14.5,
        15.0,
        15.5,
        16.0
    ],
    "prms2": [],
    "fidelity": [
        0.5362,
        0.5396000000000001,
        0.5408,
        0.5684,
        0.5843999999999999,
        0.6144000000000001,
        0.6394,
        0.6588,
        0.704,
        0.7341999999999999,
        0.7699999999999999,
        0.7901999999999999,
        0.8036,
        0.8207999999999999,
        0.8389999999999999,
        0.829,
        0.8352,
        0.8311999999999999,
        0.8282,
        0.8333999999999999,
        0.8358000000000001,
        0.8408000000000001,
        0.8522000000000001
    ],
    "fidelity_std": [
        0.021193395197560982,
        0.015120846537148635,
        0.027874002224294946,
        0.015383107618423496,
        0.02432776191925593,
        0.01930388561922186,
        0.029746260269149827,
        0.015676734353812356,
        0.021372880011828067,
        0.0229860827458704,
        0.014587666023048389,
        0.012081390648431176,
        0.0195099974372115,
        0.011872657663724653,
        0.016522711641858322,
        0.01811629101113137,
        0.012106196760337255,
        0.018070971196922414,
        0.016430459518832687,
        0.022253988406575557,
        0.017696327302578904,
        0.012718490476467703,
        0.010934349546269324
    ]
}